"Aarakocra","https://www.aidedd.org/dnd/monstres.php?vo=aarakocra"
"Aboleth","https://www.aidedd.org/dnd/monstres.php?vo=aboleth"
"Acolyte","https://www.aidedd.org/dnd/monstres.php?vo=acolyte"
"Adult Black Dragon","https://www.aidedd.org/dnd/monstres.php?vo=adult-black-dragon"
"Adult Blue Dragon","https://www.aidedd.org/dnd/monstres.php?vo=adult-blue-dragon"
"Adult Brass Dragon","https://www.aidedd.org/dnd/monstres.php?vo=adult-brass-dragon"
"Adult Bronze Dragon","https://www.aidedd.org/dnd/monstres.php?vo=adult-bronze-dragon"
"Adult Copper Dragon","https://www.aidedd.org/dnd/monstres.php?vo=adult-copper-dragon"
"Adult Gold Dragon","https://www.aidedd.org/dnd/monstres.php?vo=adult-gold-dragon"
"Adult Green Dragon","https://www.aidedd.org/dnd/monstres.php?vo=adult-green-dragon"
"Adult Red Dragon","https://www.aidedd.org/dnd/monstres.php?vo=adult-red-dragon"
"Adult Silver Dragon","https://www.aidedd.org/dnd/monstres.php?vo=adult-silver-dragon"
"Adult White Dragon","https://www.aidedd.org/dnd/monstres.php?vo=adult-white-dragon"
"Air Elemental","https://www.aidedd.org/dnd/monstres.php?vo=air-elemental"
"Allosaurus","https://www.aidedd.org/dnd/monstres.php?vo=allosaurus"
"Ancient Black Dragon","https://www.aidedd.org/dnd/monstres.php?vo=ancient-black-dragon"
"Ancient Blue Dragon","https://www.aidedd.org/dnd/monstres.php?vo=ancient-blue-dragon"
"Ancient Brass Dragon","https://www.aidedd.org/dnd/monstres.php?vo=ancient-brass-dragon"
"Ancient Bronze Dragon","https://www.aidedd.org/dnd/monstres.php?vo=ancient-bronze-dragon"
"Ancient Copper Dragon","https://www.aidedd.org/dnd/monstres.php?vo=ancient-copper-dragon"
"Ancient Gold Dragon","https://www.aidedd.org/dnd/monstres.php?vo=ancient-gold-dragon"
"Ancient Green Dragon","https://www.aidedd.org/dnd/monstres.php?vo=ancient-green-dragon"
"Ancient Red Dragon","https://www.aidedd.org/dnd/monstres.php?vo=ancient-red-dragon"
"Ancient Silver Dragon","https://www.aidedd.org/dnd/monstres.php?vo=ancient-silver-dragon"
"Ancient White Dragon","https://www.aidedd.org/dnd/monstres.php?vo=ancient-white-dragon"
"Androsphinx","https://www.aidedd.org/dnd/monstres.php?vo=androsphinx"
"Animated Armor","https://www.aidedd.org/dnd/monstres.php?vo=animated-armor"
"Ankheg","https://www.aidedd.org/dnd/monstres.php?vo=ankheg"
"Ankylosaurus","https://www.aidedd.org/dnd/monstres.php?vo=ankylosaurus"
"Annis Hag","https://www.aidedd.org/dnd/monstres.php?vo=annis-hag"
"Ape","https://www.aidedd.org/dnd/monstres.php?vo=ape"
"Archmage","https://www.aidedd.org/dnd/monstres.php?vo=archmage"
"Assassin","https://www.aidedd.org/dnd/monstres.php?vo=assassin"
"Astral Dreadnought","https://www.aidedd.org/dnd/monstres.php?vo=astral-dreadnought"
"Aurochs","https://www.aidedd.org/dnd/monstres.php?vo=aurochs"
"Awakened Shrub","https://www.aidedd.org/dnd/monstres.php?vo=awakened-shrub"
"Awakened Tree","https://www.aidedd.org/dnd/monstres.php?vo=awakened-tree"
"Axe Beak","https://www.aidedd.org/dnd/monstres.php?vo=axe-beak"
"Azer","https://www.aidedd.org/dnd/monstres.php?vo=azer"
"Baboon","https://www.aidedd.org/dnd/monstres.php?vo=baboon"
"Badger","https://www.aidedd.org/dnd/monstres.php?vo=badger"
"Balor","https://www.aidedd.org/dnd/monstres.php?vo=balor"
"Bandit","https://www.aidedd.org/dnd/monstres.php?vo=bandit"
"Bandit Captain","https://www.aidedd.org/dnd/monstres.php?vo=bandit-captain"
"Banshee","https://www.aidedd.org/dnd/monstres.php?vo=banshee"
"Barbed Devil","https://www.aidedd.org/dnd/monstres.php?vo=barbed-devil"
"Barghest","https://www.aidedd.org/dnd/monstres.php?vo=barghest"
"Barlgura","https://www.aidedd.org/dnd/monstres.php?vo=barlgura"
"Basilisk","https://www.aidedd.org/dnd/monstres.php?vo=basilisk"
"Bat","https://www.aidedd.org/dnd/monstres.php?vo=bat"
"Bearded Devil","https://www.aidedd.org/dnd/monstres.php?vo=bearded-devil"
"Behir","https://www.aidedd.org/dnd/monstres.php?vo=behir"
"Belaphoss","https://www.aidedd.org/dnd/monstres.php?vo=belaphoss"
"Berserker","https://www.aidedd.org/dnd/monstres.php?vo=berserker"
"Black Bear","https://www.aidedd.org/dnd/monstres.php?vo=black-bear"
"Black Dragon Wyrmling","https://www.aidedd.org/dnd/monstres.php?vo=black-dragon-wyrmling"
"Black Pudding","https://www.aidedd.org/dnd/monstres.php?vo=black-pudding"
"Blink Dog","https://www.aidedd.org/dnd/monstres.php?vo=blink-dog"
"Blood Hawk","https://www.aidedd.org/dnd/monstres.php?vo=blood-hawk"
"Blue Dragon Wyrmling","https://www.aidedd.org/dnd/monstres.php?vo=blue-dragon-wyrmling"
"Boar","https://www.aidedd.org/dnd/monstres.php?vo=boar"
"Bone Devil","https://www.aidedd.org/dnd/monstres.php?vo=bone-devil"
"Brass Dragon Wyrmling","https://www.aidedd.org/dnd/monstres.php?vo=brass-dragon-wyrmling"
"Bronze Dragon Wyrmling","https://www.aidedd.org/dnd/monstres.php?vo=bronze-dragon-wyrmling"
"Brown Bear","https://www.aidedd.org/dnd/monstres.php?vo=brown-bear"
"Bugbear","https://www.aidedd.org/dnd/monstres.php?vo=bugbear"
"Bulette","https://www.aidedd.org/dnd/monstres.php?vo=bulette"
"Bullywug","https://www.aidedd.org/dnd/monstres.php?vo=bullywug"
"Camel","https://www.aidedd.org/dnd/monstres.php?vo=camel"
"Cat","https://www.aidedd.org/dnd/monstres.php?vo=cat"
"Centaur","https://www.aidedd.org/dnd/monstres.php?vo=centaur"
"Chain Devil","https://www.aidedd.org/dnd/monstres.php?vo=chain-devil"
"Chimera","https://www.aidedd.org/dnd/monstres.php?vo=chimera"
"Chuul","https://www.aidedd.org/dnd/monstres.php?vo=chuul"
"Clay Golem","https://www.aidedd.org/dnd/monstres.php?vo=clay-golem"
"Cloaker","https://www.aidedd.org/dnd/monstres.php?vo=cloaker"
"Cloud Giant","https://www.aidedd.org/dnd/monstres.php?vo=cloud-giant"
"Cockatrice","https://www.aidedd.org/dnd/monstres.php?vo=cockatrice"
"Commoner","https://www.aidedd.org/dnd/monstres.php?vo=commoner"
"Constrictor Snake","https://www.aidedd.org/dnd/monstres.php?vo=constrictor-snake"
"Copper Dragon Wyrmling","https://www.aidedd.org/dnd/monstres.php?vo=copper-dragon-wyrmling"
"Couatl","https://www.aidedd.org/dnd/monstres.php?vo=couatl"
"Cow","https://www.aidedd.org/dnd/monstres.php?vo=cow"
"Crab","https://www.aidedd.org/dnd/monstres.php?vo=crab"
"Crawling Claw","https://www.aidedd.org/dnd/monstres.php?vo=crawling-claw"
"Crocodile","https://www.aidedd.org/dnd/monstres.php?vo=crocodile"
"Cult Fanatic","https://www.aidedd.org/dnd/monstres.php?vo=cult-fanatic"
"Cultist","https://www.aidedd.org/dnd/monstres.php?vo=cultist"
"Cyclops","https://www.aidedd.org/dnd/monstres.php?vo=cyclops"
"Dao","https://www.aidedd.org/dnd/monstres.php?vo=dao"
"Darkmantle","https://www.aidedd.org/dnd/monstres.php?vo=darkmantle"
"Death Dog","https://www.aidedd.org/dnd/monstres.php?vo=death-dog"
"Deep Gnome (Svirfneblin)","https://www.aidedd.org/dnd/monstres.php?vo=deep-gnome-svirfneblin"
"Deer","https://www.aidedd.org/dnd/monstres.php?vo=deer"
"Deva","https://www.aidedd.org/dnd/monstres.php?vo=deva"
"Dire Wolf","https://www.aidedd.org/dnd/monstres.php?vo=dire-wolf"
"Djinni","https://www.aidedd.org/dnd/monstres.php?vo=djinni"
"Dolphin","https://www.aidedd.org/dnd/monstres.php?vo=dolphin"
"Doppelganger","https://www.aidedd.org/dnd/monstres.php?vo=doppelganger"
"Draft Horse","https://www.aidedd.org/dnd/monstres.php?vo=draft-horse"
"Dragon Turtle","https://www.aidedd.org/dnd/monstres.php?vo=dragon-turtle"
"Dretch","https://www.aidedd.org/dnd/monstres.php?vo=dretch"
"Drider","https://www.aidedd.org/dnd/monstres.php?vo=drider"
"Drow","https://www.aidedd.org/dnd/monstres.php?vo=drow"
"Drow House Captain","https://www.aidedd.org/dnd/monstres.php?vo=drow-house-captain"
"Drow Inquisitor","https://www.aidedd.org/dnd/monstres.php?vo=drow-inquisitor"
"Drow Mage","https://www.aidedd.org/dnd/monstres.php?vo=drow-mage"
"Druid","https://www.aidedd.org/dnd/monstres.php?vo=druid"
"Dryad","https://www.aidedd.org/dnd/monstres.php?vo=dryad"
"Duergar","https://www.aidedd.org/dnd/monstres.php?vo=duergar"
"Dust Mephit","https://www.aidedd.org/dnd/monstres.php?vo=dust-mephit"
"Eagle","https://www.aidedd.org/dnd/monstres.php?vo=eagle"
"Earth Elemental","https://www.aidedd.org/dnd/monstres.php?vo=earth-elemental"
"Efreeti","https://www.aidedd.org/dnd/monstres.php?vo=efreeti"
"Elephant","https://www.aidedd.org/dnd/monstres.php?vo=elephant"
"Elk","https://www.aidedd.org/dnd/monstres.php?vo=elk"
"Erinyes","https://www.aidedd.org/dnd/monstres.php?vo=erinyes"
"Ettercap","https://www.aidedd.org/dnd/monstres.php?vo=ettercap"
"Ettin","https://www.aidedd.org/dnd/monstres.php?vo=ettin"
"Expeditious Messenger","https://www.aidedd.org/dnd/monstres.php?vo=expeditious-messenger"
"Fire Elemental","https://www.aidedd.org/dnd/monstres.php?vo=fire-elemental"
"Fire Giant","https://www.aidedd.org/dnd/monstres.php?vo=fire-giant"
"Fire Snake","https://www.aidedd.org/dnd/monstres.php?vo=fire-snake"
"Flameskull","https://www.aidedd.org/dnd/monstres.php?vo=flameskull"
"Flesh Golem","https://www.aidedd.org/dnd/monstres.php?vo=flesh-golem"
"Flind","https://www.aidedd.org/dnd/monstres.php?vo=flind"
"Flying Snake","https://www.aidedd.org/dnd/monstres.php?vo=flying-snake"
"Flying Sword","https://www.aidedd.org/dnd/monstres.php?vo=flying-sword"
"Frog","https://www.aidedd.org/dnd/monstres.php?vo=frog"
"Froghemoth","https://www.aidedd.org/dnd/monstres.php?vo=froghemoth"
"Frost Giant","https://www.aidedd.org/dnd/monstres.php?vo=frost-giant"
"Galeb Duhr","https://www.aidedd.org/dnd/monstres.php?vo=galeb-duhr"
"Gargoyle","https://www.aidedd.org/dnd/monstres.php?vo=gargoyle"
"Gauth","https://www.aidedd.org/dnd/monstres.php?vo=gauth"
"Gelatinous Cube","https://www.aidedd.org/dnd/monstres.php?vo=gelatinous-cube"
"Ghast","https://www.aidedd.org/dnd/monstres.php?vo=ghast"
"Ghost","https://www.aidedd.org/dnd/monstres.php?vo=ghost"
"Ghoul","https://www.aidedd.org/dnd/monstres.php?vo=ghoul"
"Giant Ape","https://www.aidedd.org/dnd/monstres.php?vo=giant-ape"
"Giant Badger","https://www.aidedd.org/dnd/monstres.php?vo=giant-badger"
"Giant Bat","https://www.aidedd.org/dnd/monstres.php?vo=giant-bat"
"Giant Boar","https://www.aidedd.org/dnd/monstres.php?vo=giant-boar"
"Giant Centipede","https://www.aidedd.org/dnd/monstres.php?vo=giant-centipede"
"Giant Constrictor Snake","https://www.aidedd.org/dnd/monstres.php?vo=giant-constrictor-snake"
"Giant Crab","https://www.aidedd.org/dnd/monstres.php?vo=giant-crab"
"Giant Crocodile","https://www.aidedd.org/dnd/monstres.php?vo=giant-crocodile"
"Giant Eagle","https://www.aidedd.org/dnd/monstres.php?vo=giant-eagle"
"Giant Elk","https://www.aidedd.org/dnd/monstres.php?vo=giant-elk"
"Giant Fire Beetle","https://www.aidedd.org/dnd/monstres.php?vo=giant-fire-beetle"
"Giant Frog","https://www.aidedd.org/dnd/monstres.php?vo=giant-frog"
"Giant Goat","https://www.aidedd.org/dnd/monstres.php?vo=giant-goat"
"Giant Hyena","https://www.aidedd.org/dnd/monstres.php?vo=giant-hyena"
"Giant Lizard","https://www.aidedd.org/dnd/monstres.php?vo=giant-lizard"
"Giant Octopus","https://www.aidedd.org/dnd/monstres.php?vo=giant-octopus"
"Giant Owl","https://www.aidedd.org/dnd/monstres.php?vo=giant-owl"
"Giant Poisonous Snake","https://www.aidedd.org/dnd/monstres.php?vo=giant-poisonous-snake"
"Giant Rat","https://www.aidedd.org/dnd/monstres.php?vo=giant-rat"
"Giant Scorpion","https://www.aidedd.org/dnd/monstres.php?vo=giant-scorpion"
"Giant Sea Horse","https://www.aidedd.org/dnd/monstres.php?vo=giant-sea-horse"
"Giant Shark","https://www.aidedd.org/dnd/monstres.php?vo=giant-shark"
"Giant Spider","https://www.aidedd.org/dnd/monstres.php?vo=giant-spider"
"Giant Toad","https://www.aidedd.org/dnd/monstres.php?vo=giant-toad"
"Giant Vulture","https://www.aidedd.org/dnd/monstres.php?vo=giant-vulture"
"Giant Wasp","https://www.aidedd.org/dnd/monstres.php?vo=giant-wasp"
"Giant Weasel","https://www.aidedd.org/dnd/monstres.php?vo=giant-weasel"
"Giant Wolf Spider","https://www.aidedd.org/dnd/monstres.php?vo=giant-wolf-spider"
"Gibbering Mouther","https://www.aidedd.org/dnd/monstres.php?vo=gibbering-mouther"
"Glabrezu","https://www.aidedd.org/dnd/monstres.php?vo=glabrezu"
"Gladiator","https://www.aidedd.org/dnd/monstres.php?vo=gladiator"
"Gnoll","https://www.aidedd.org/dnd/monstres.php?vo=gnoll"
"Gnoll Pack Lord","https://www.aidedd.org/dnd/monstres.php?vo=gnoll-pack-lord"
"Goat","https://www.aidedd.org/dnd/monstres.php?vo=goat"
"Goblin","https://www.aidedd.org/dnd/monstres.php?vo=goblin"
"Gold Dragon Wyrmling","https://www.aidedd.org/dnd/monstres.php?vo=gold-dragon-wyrmling"
"Gorgon","https://www.aidedd.org/dnd/monstres.php?vo=gorgon"
"Gray Ooze","https://www.aidedd.org/dnd/monstres.php?vo=gray-ooze"
"Green Dragon Wyrmling","https://www.aidedd.org/dnd/monstres.php?vo=green-dragon-wyrmling"
"Green Hag","https://www.aidedd.org/dnd/monstres.php?vo=green-hag"
"Grell","https://www.aidedd.org/dnd/monstres.php?vo=grell"
"Grick","https://www.aidedd.org/dnd/monstres.php?vo=grick"
"Griffon","https://www.aidedd.org/dnd/monstres.php?vo=griffon"
"Grimlock","https://www.aidedd.org/dnd/monstres.php?vo=grimlock"
"Guard","https://www.aidedd.org/dnd/monstres.php?vo=guard"
"Guardian Naga","https://www.aidedd.org/dnd/monstres.php?vo=guardian-naga"
"Gynosphinx","https://www.aidedd.org/dnd/monstres.php?vo=gynosphinx"
"Half-Ogre","https://www.aidedd.org/dnd/monstres.php?vo=half-ogre"
"Half-Red Dragon Veteran","https://www.aidedd.org/dnd/monstres.php?vo=half-red-dragon-veteran"
"Harpy","https://www.aidedd.org/dnd/monstres.php?vo=harpy"
"Hawk","https://www.aidedd.org/dnd/monstres.php?vo=hawk"
"Hell Hound","https://www.aidedd.org/dnd/monstres.php?vo=hell-hound"
"Helmed Horror","https://www.aidedd.org/dnd/monstres.php?vo=helmed-horror"
"Hezrou","https://www.aidedd.org/dnd/monstres.php?vo=hezrou"
"Hill Giant","https://www.aidedd.org/dnd/monstres.php?vo=hill-giant"
"Hippogriff","https://www.aidedd.org/dnd/monstres.php?vo=hippogriff"
"Hobgoblin","https://www.aidedd.org/dnd/monstres.php?vo=hobgoblin"
"Hobgoblin Captain","https://www.aidedd.org/dnd/monstres.php?vo=hobgoblin-captain"
"Hobgoblin Iron Shadow","https://www.aidedd.org/dnd/monstres.php?vo=hobgoblin-iron-shadow"
"Homunculus","https://www.aidedd.org/dnd/monstres.php?vo=homunculus"
"Hook Horror","https://www.aidedd.org/dnd/monstres.php?vo=hook-horror"
"Horned Devil","https://www.aidedd.org/dnd/monstres.php?vo=horned-devil"
"Hunter Shark","https://www.aidedd.org/dnd/monstres.php?vo=hunter-shark"
"Husk Zombie","https://www.aidedd.org/dnd/monstres.php?vo=husk-zombie"
"Hydra","https://www.aidedd.org/dnd/monstres.php?vo=hydra"
"Hyena","https://www.aidedd.org/dnd/monstres.php?vo=hyena"
"Ice Devil","https://www.aidedd.org/dnd/monstres.php?vo=ice-devil"
"Ice Mephit","https://www.aidedd.org/dnd/monstres.php?vo=ice-mephit"
"Imp","https://www.aidedd.org/dnd/monstres.php?vo=imp"
"Invisible Stalker","https://www.aidedd.org/dnd/monstres.php?vo=invisible-stalker"
"Iron Defender","https://www.aidedd.org/dnd/monstres.php?vo=iron-defender"
"Iron Golem","https://www.aidedd.org/dnd/monstres.php?vo=iron-golem"
"Jackal","https://www.aidedd.org/dnd/monstres.php?vo=jackal"
"Jackalwere","https://www.aidedd.org/dnd/monstres.php?vo=jackalwere"
"Kenku","https://www.aidedd.org/dnd/monstres.php?vo=kenku"
"Killer Whale","https://www.aidedd.org/dnd/monstres.php?vo=killer-whale"
"Knight","https://www.aidedd.org/dnd/monstres.php?vo=knight"
"Kobold","https://www.aidedd.org/dnd/monstres.php?vo=kobold"
"Kobold Inventor","https://www.aidedd.org/dnd/monstres.php?vo=kobold-inventor"
"Kraken","https://www.aidedd.org/dnd/monstres.php?vo=kraken"
"Kuo-toa","https://www.aidedd.org/dnd/monstres.php?vo=kuo-toa"
"Kuo-toa Archpriest","https://www.aidedd.org/dnd/monstres.php?vo=kuo-toa-archpriest"
"Kuo-toa Whip","https://www.aidedd.org/dnd/monstres.php?vo=kuo-toa-whip"
"Laeral Silverhand","https://www.aidedd.org/dnd/monstres.php?vo=laeral-silverhand"
"Lamia","https://www.aidedd.org/dnd/monstres.php?vo=lamia"
"Lemure","https://www.aidedd.org/dnd/monstres.php?vo=lemure"
"Lich","https://www.aidedd.org/dnd/monstres.php?vo=lich"
"Lion","https://www.aidedd.org/dnd/monstres.php?vo=lion"
"Living Burning Hands","https://www.aidedd.org/dnd/monstres.php?vo=living-burning-hands"
"Living Cloudkill","https://www.aidedd.org/dnd/monstres.php?vo=living-cloudkill"
"Living Lightning Bolt","https://www.aidedd.org/dnd/monstres.php?vo=living-lightning-bolt"
"Lizard","https://www.aidedd.org/dnd/monstres.php?vo=lizard"
"Lizard King/Queen","https://www.aidedd.org/dnd/monstres.php?vo=lizard-king-queen"
"Lizardfolk","https://www.aidedd.org/dnd/monstres.php?vo=lizardfolk"
"Lizardfolk Shaman","https://www.aidedd.org/dnd/monstres.php?vo=lizardfolk-shaman"
"Mage","https://www.aidedd.org/dnd/monstres.php?vo=mage"
"Magma Mephit","https://www.aidedd.org/dnd/monstres.php?vo=magma-mephit"
"Magmin","https://www.aidedd.org/dnd/monstres.php?vo=magmin"
"Mammoth","https://www.aidedd.org/dnd/monstres.php?vo=mammoth"
"Manticore","https://www.aidedd.org/dnd/monstres.php?vo=manticore"
"Marilith","https://www.aidedd.org/dnd/monstres.php?vo=marilith"
"Mastiff","https://www.aidedd.org/dnd/monstres.php?vo=mastiff"
"Medusa","https://www.aidedd.org/dnd/monstres.php?vo=medusa"
"Merfolk","https://www.aidedd.org/dnd/monstres.php?vo=merfolk"
"Merrow","https://www.aidedd.org/dnd/monstres.php?vo=merrow"
"Mezzoloth","https://www.aidedd.org/dnd/monstres.php?vo=mezzoloth"
"Mimic","https://www.aidedd.org/dnd/monstres.php?vo=mimic"
"Mindwitness","https://www.aidedd.org/dnd/monstres.php?vo=mindwitness"
"Minotaur","https://www.aidedd.org/dnd/monstres.php?vo=minotaur"
"Minotaur Skeleton","https://www.aidedd.org/dnd/monstres.php?vo=minotaur-skeleton"
"Moloch","https://www.aidedd.org/dnd/monstres.php?vo=moloch"
"Mud Mephit","https://www.aidedd.org/dnd/monstres.php?vo=mud-mephit"
"Mule","https://www.aidedd.org/dnd/monstres.php?vo=mule"
"Mummy","https://www.aidedd.org/dnd/monstres.php?vo=mummy"
"Mummy Lord","https://www.aidedd.org/dnd/monstres.php?vo=mummy-lord"
"Nalfeshnee","https://www.aidedd.org/dnd/monstres.php?vo=nalfeshnee"
"Narzugon","https://www.aidedd.org/dnd/monstres.php?vo=narzugon"
"Nergaliid","https://www.aidedd.org/dnd/monstres.php?vo=nergaliid"
"Night Hag","https://www.aidedd.org/dnd/monstres.php?vo=night-hag"
"Nightmare","https://www.aidedd.org/dnd/monstres.php?vo=nightmare"
"Nilbog","https://www.aidedd.org/dnd/monstres.php?vo=nilbog"
"Noble","https://www.aidedd.org/dnd/monstres.php?vo=noble"
"Nothic","https://www.aidedd.org/dnd/monstres.php?vo=nothic"
"Nycaloth","https://www.aidedd.org/dnd/monstres.php?vo=nycaloth"
"Ochre Jelly","https://www.aidedd.org/dnd/monstres.php?vo=ochre-jelly"
"Octopus","https://www.aidedd.org/dnd/monstres.php?vo=octopus"
"Ogre","https://www.aidedd.org/dnd/monstres.php?vo=ogre"
"Ogre Zombie","https://www.aidedd.org/dnd/monstres.php?vo=ogre-zombie"
"Oni","https://www.aidedd.org/dnd/monstres.php?vo=oni"
"Orc","https://www.aidedd.org/dnd/monstres.php?vo=orc"
"Orc Eye of Gruumsh","https://www.aidedd.org/dnd/monstres.php?vo=orc-eye-of-gruumsh"
"Orcus","https://www.aidedd.org/dnd/monstres.php?vo=orcus"
"Orog","https://www.aidedd.org/dnd/monstres.php?vo=orog"
"Otyugh","https://www.aidedd.org/dnd/monstres.php?vo=otyugh"
"Owl","https://www.aidedd.org/dnd/monstres.php?vo=owl"
"Owlbear","https://www.aidedd.org/dnd/monstres.php?vo=owlbear"
"Panther","https://www.aidedd.org/dnd/monstres.php?vo=panther"
"Pegasus","https://www.aidedd.org/dnd/monstres.php?vo=pegasus"
"Peryton","https://www.aidedd.org/dnd/monstres.php?vo=peryton"
"Phase Spider","https://www.aidedd.org/dnd/monstres.php?vo=phase-spider"
"Piercer","https://www.aidedd.org/dnd/monstres.php?vo=piercer"
"Pit Fiend","https://www.aidedd.org/dnd/monstres.php?vo=pit-fiend"
"Planetar","https://www.aidedd.org/dnd/monstres.php?vo=planetar"
"Plesiosaurus","https://www.aidedd.org/dnd/monstres.php?vo=plesiosaurus"
"Poisonous Snake","https://www.aidedd.org/dnd/monstres.php?vo=poisonous-snake"
"Polar Bear","https://www.aidedd.org/dnd/monstres.php?vo=polar-bear"
"Pony","https://www.aidedd.org/dnd/monstres.php?vo=pony"
"Priest","https://www.aidedd.org/dnd/monstres.php?vo=priest"
"Pseudodragon","https://www.aidedd.org/dnd/monstres.php?vo=pseudodragon"
"Pteranodon","https://www.aidedd.org/dnd/monstres.php?vo=pteranodon"
"Purple Worm","https://www.aidedd.org/dnd/monstres.php?vo=purple-worm"
"Quasit","https://www.aidedd.org/dnd/monstres.php?vo=quasit"
"Quetzalcoatlus","https://www.aidedd.org/dnd/monstres.php?vo=quetzalcoatlus"
"Quipper","https://www.aidedd.org/dnd/monstres.php?vo=quipper"
"Rakshasa","https://www.aidedd.org/dnd/monstres.php?vo=rakshasa"
"Rat","https://www.aidedd.org/dnd/monstres.php?vo=rat"
"Raven","https://www.aidedd.org/dnd/monstres.php?vo=raven"
"Red Dragon Wyrmling","https://www.aidedd.org/dnd/monstres.php?vo=red-dragon-wyrmling"
"Reef Shark","https://www.aidedd.org/dnd/monstres.php?vo=reef-shark"
"Remorhaz","https://www.aidedd.org/dnd/monstres.php?vo=remorhaz"
"Revenant","https://www.aidedd.org/dnd/monstres.php?vo=revenant"
"Rhinoceros","https://www.aidedd.org/dnd/monstres.php?vo=rhinoceros"
"Riding Horse","https://www.aidedd.org/dnd/monstres.php?vo=riding-horse"
"Roc","https://www.aidedd.org/dnd/monstres.php?vo=roc"
"Roper","https://www.aidedd.org/dnd/monstres.php?vo=roper"
"Rug of Smothering","https://www.aidedd.org/dnd/monstres.php?vo=rug-of-smothering"
"Rust Monster","https://www.aidedd.org/dnd/monstres.php?vo=rust-monster"
"Saber-Toothed Tiger","https://www.aidedd.org/dnd/monstres.php?vo=saber-toothed-tiger"
"Sahuagin","https://www.aidedd.org/dnd/monstres.php?vo=sahuagin"
"Sahuagin, warlock of Uk'otoa","https://www.aidedd.org/dnd/monstres.php?vo=sahuagin-warlock-of-uk-otoa"
"Salamander","https://www.aidedd.org/dnd/monstres.php?vo=salamander"
"Satyr","https://www.aidedd.org/dnd/monstres.php?vo=satyr"
"Scorpion","https://www.aidedd.org/dnd/monstres.php?vo=scorpion"
"Scout","https://www.aidedd.org/dnd/monstres.php?vo=scout"
"Sea Hag","https://www.aidedd.org/dnd/monstres.php?vo=sea-hag"
"Sea Horse","https://www.aidedd.org/dnd/monstres.php?vo=sea-horse"
"Shadow","https://www.aidedd.org/dnd/monstres.php?vo=shadow"
"Shadow Demon","https://www.aidedd.org/dnd/monstres.php?vo=shadow-demon"
"Shambling Mound","https://www.aidedd.org/dnd/monstres.php?vo=shambling-mound"
"Shield Guardian","https://www.aidedd.org/dnd/monstres.php?vo=shield-guardian"
"Shrieker","https://www.aidedd.org/dnd/monstres.php?vo=shrieker"
"Sibriex","https://www.aidedd.org/dnd/monstres.php?vo=sibriex"
"Silver Dragon Wyrmling","https://www.aidedd.org/dnd/monstres.php?vo=silver-dragon-wyrmling"
"Skeleton","https://www.aidedd.org/dnd/monstres.php?vo=skeleton"
"Slithering Tracker","https://www.aidedd.org/dnd/monstres.php?vo=slithering-tracker"
"Smoke Mephit","https://www.aidedd.org/dnd/monstres.php?vo=smoke-mephit"
"Solar","https://www.aidedd.org/dnd/monstres.php?vo=solar"
"Spectator","https://www.aidedd.org/dnd/monstres.php?vo=spectator"
"Specter","https://www.aidedd.org/dnd/monstres.php?vo=specter"
"Spider","https://www.aidedd.org/dnd/monstres.php?vo=spider"
"Spirit Naga","https://www.aidedd.org/dnd/monstres.php?vo=spirit-naga"
"Sprite","https://www.aidedd.org/dnd/monstres.php?vo=sprite"
"Spy","https://www.aidedd.org/dnd/monstres.php?vo=spy"
"Steam Mephit","https://www.aidedd.org/dnd/monstres.php?vo=steam-mephit"
"Stirge","https://www.aidedd.org/dnd/monstres.php?vo=stirge"
"Stone Giant","https://www.aidedd.org/dnd/monstres.php?vo=stone-giant"
"Stone Giant Dreamwalker","https://www.aidedd.org/dnd/monstres.php?vo=stone-giant-dreamwalker"
"Stone Golem","https://www.aidedd.org/dnd/monstres.php?vo=stone-golem"
"Storm Giant","https://www.aidedd.org/dnd/monstres.php?vo=storm-giant"
"Succubus","https://www.aidedd.org/dnd/monstres.php?vo=succubus"
"Swarm of Bats","https://www.aidedd.org/dnd/monstres.php?vo=swarm-of-bats"
"Swarm of Insects","https://www.aidedd.org/dnd/monstres.php?vo=swarm-of-insects"
"Swarm of Poisonous Snakes","https://www.aidedd.org/dnd/monstres.php?vo=swarm-of-poisonous-snakes"
"Swarm of Quippers","https://www.aidedd.org/dnd/monstres.php?vo=swarm-of-quippers"
"Swarm of Rats","https://www.aidedd.org/dnd/monstres.php?vo=swarm-of-rats"
"Swarm of Ravens","https://www.aidedd.org/dnd/monstres.php?vo=swarm-of-ravens"
"Swarm of Rot Grubs","https://www.aidedd.org/dnd/monstres.php?vo=swarm-of-rot-grubs"
"Tanarukk","https://www.aidedd.org/dnd/monstres.php?vo=tanarukk"
"Tarrasque","https://www.aidedd.org/dnd/monstres.php?vo=tarrasque"
"Thug","https://www.aidedd.org/dnd/monstres.php?vo=thug"
"Tiger","https://www.aidedd.org/dnd/monstres.php?vo=tiger"
"Treant","https://www.aidedd.org/dnd/monstres.php?vo=treant"
"Tribal Warrior","https://www.aidedd.org/dnd/monstres.php?vo=tribal-warrior"
"Triceratops","https://www.aidedd.org/dnd/monstres.php?vo=triceratops"
"Troglodyte","https://www.aidedd.org/dnd/monstres.php?vo=troglodyte"
"Troll","https://www.aidedd.org/dnd/monstres.php?vo=troll"
"Twig Blight","https://www.aidedd.org/dnd/monstres.php?vo=twig-blight"
"Tyrannosaurus Rex","https://www.aidedd.org/dnd/monstres.php?vo=tyrannosaurus-rex"
"Udaak","https://www.aidedd.org/dnd/monstres.php?vo=udaak"
"Umber Hulk","https://www.aidedd.org/dnd/monstres.php?vo=umber-hulk"
"Unicorn","https://www.aidedd.org/dnd/monstres.php?vo=unicorn"
"Valenar Hawk","https://www.aidedd.org/dnd/monstres.php?vo=valenar-hawk"
"Valenar Hound","https://www.aidedd.org/dnd/monstres.php?vo=valenar-hound"
"Vampire","https://www.aidedd.org/dnd/monstres.php?vo=vampire"
"Vampire Spawn","https://www.aidedd.org/dnd/monstres.php?vo=vampire-spawn"
"Veteran","https://www.aidedd.org/dnd/monstres.php?vo=veteran"
"Violet Fungus","https://www.aidedd.org/dnd/monstres.php?vo=violet-fungus"
"Vrock","https://www.aidedd.org/dnd/monstres.php?vo=vrock"
"Vulture","https://www.aidedd.org/dnd/monstres.php?vo=vulture"
"Warforged Titan","https://www.aidedd.org/dnd/monstres.php?vo=warforged-titan"
"Warhorse","https://www.aidedd.org/dnd/monstres.php?vo=warhorse"
"Warhorse Skeleton","https://www.aidedd.org/dnd/monstres.php?vo=warhorse-skeleton"
"Water Elemental","https://www.aidedd.org/dnd/monstres.php?vo=water-elemental"
"Water Weird","https://www.aidedd.org/dnd/monstres.php?vo=water-weird"
"Weasel","https://www.aidedd.org/dnd/monstres.php?vo=weasel"
"Werebear","https://www.aidedd.org/dnd/monstres.php?vo=werebear"
"Wereboar","https://www.aidedd.org/dnd/monstres.php?vo=wereboar"
"Wererat","https://www.aidedd.org/dnd/monstres.php?vo=wererat"
"Weretiger","https://www.aidedd.org/dnd/monstres.php?vo=weretiger"
"Werewolf","https://www.aidedd.org/dnd/monstres.php?vo=werewolf"
"White Dragon Wyrmling","https://www.aidedd.org/dnd/monstres.php?vo=white-dragon-wyrmling"
"Wight","https://www.aidedd.org/dnd/monstres.php?vo=wight"
"Will-o'-Wisp","https://www.aidedd.org/dnd/monstres.php?vo=will-o--wisp"
"Winged Kobold","https://www.aidedd.org/dnd/monstres.php?vo=winged-kobold"
"Winter Wolf","https://www.aidedd.org/dnd/monstres.php?vo=winter-wolf"
"Wolf","https://www.aidedd.org/dnd/monstres.php?vo=wolf"
"Worg","https://www.aidedd.org/dnd/monstres.php?vo=worg"
"Wraith","https://www.aidedd.org/dnd/monstres.php?vo=wraith"
"Wyvern","https://www.aidedd.org/dnd/monstres.php?vo=wyvern"
"Xorn","https://www.aidedd.org/dnd/monstres.php?vo=xorn"
"Yeti","https://www.aidedd.org/dnd/monstres.php?vo=yeti"
"Young Black Dragon","https://www.aidedd.org/dnd/monstres.php?vo=young-black-dragon"
"Young Blue Dragon","https://www.aidedd.org/dnd/monstres.php?vo=young-blue-dragon"
"Young Brass Dragon","https://www.aidedd.org/dnd/monstres.php?vo=young-brass-dragon"
"Young Bronze Dragon","https://www.aidedd.org/dnd/monstres.php?vo=young-bronze-dragon"
"Young Copper Dragon","https://www.aidedd.org/dnd/monstres.php?vo=young-copper-dragon"
"Young Gold Dragon","https://www.aidedd.org/dnd/monstres.php?vo=young-gold-dragon"
"Young Green Dragon","https://www.aidedd.org/dnd/monstres.php?vo=young-green-dragon"
"Young Red Dragon","https://www.aidedd.org/dnd/monstres.php?vo=young-red-dragon"
"Young Silver Dragon","https://www.aidedd.org/dnd/monstres.php?vo=young-silver-dragon"
"Young White Dragon","https://www.aidedd.org/dnd/monstres.php?vo=young-white-dragon"
"Yuan-ti Abomination","https://www.aidedd.org/dnd/monstres.php?vo=yuan-ti-abomination"
"Yuan-ti Malison","https://www.aidedd.org/dnd/monstres.php?vo=yuan-ti-malison"
"Yuan-ti Nightmare Speaker","https://www.aidedd.org/dnd/monstres.php?vo=yuan-ti-nightmare-speaker"
"Yuan-ti Pureblood","https://www.aidedd.org/dnd/monstres.php?vo=yuan-ti-pureblood"
"Zariel","https://www.aidedd.org/dnd/monstres.php?vo=zariel"
"Zombie","https://www.aidedd.org/dnd/monstres.php?vo=zombie"
